{
  "mults": {
    "Bust": 1.043932345211587,
    "Underbust": 0.9543639347435496,
    "Waist": 0.7902226578671097,
    "High Hip": 0.7543928329716555,
    "Full Hip": 0.7486865166333105,
    "Shoulder Width": 1.9360546709937998,
    "Neck": 1.072565109552551,
    "Arm Length": 1.6995331157661921,
    "Bicep": 2.5410536720151997,
    "Wrist": 2.266739074699014,
    "Thigh": 1.1817169895131405,
    "Knee": 0.9809267507863667,
    "Calf": 0.8362685448810732,
    "Ankle": 0.49857273481623127,
    "Inseam": 1.885213416955969,
    "Outseam": 2.7251481966627655,
    "Torso Length": 2.116096549056782,
    "Crotch Depth": 2.9123693861157367,
    "Total Height": 1.8755107619649978
  },
  "reference": "akka_tape",
  "note": "ref_inch / raw_inch from training images"
}